{
    "5|50": [
        0.7999999999999999,
        -0.19999999999999998,
        0.0,
        -0.6,
        0.7999999999999999,
        -0.19999999999999998,
        0.0,
        0.39999999999999997,
        0.19999999999999998,
        0.39999999999999997,
        -0.39999999999999997,
        0.19999999999999998,
        -0.39999999999999997,
        0.0,
        0.6,
        -0.19999999999999998,
        0.9999999999999999,
        -0.7999999999999999,
        -0.19999999999999998,
        0.0,
        0.39999999999999997,
        -0.6,
        0.0,
        0.7999999999999999,
        0.0,
        0.0,
        -0.39999999999999997,
        -0.39999999999999997,
        0.0,
        -0.19999999999999998,
        0.7999999999999999,
        0.19999999999999998,
        0.0,
        0.9999999999999999,
        0.19999999999999998,
        0.0,
        -0.19999999999999998,
        0.0,
        0.39999999999999997,
        0.0,
        0.39999999999999997,
        0.39999999999999997,
        0.19999999999999998,
        0.39999999999999997,
        -0.39999999999999997,
        0.0,
        -0.19999999999999998,
        0.0,
        0.19999999999999998,
        0.39999999999999997
    ],
    "12|50": [
        0.19999999999999998,
        0.0,
        0.19999999999999998,
        0.9999999999999999,
        -0.39999999999999997,
        0.39999999999999997,
        0.19999999999999998,
        0.0,
        -0.6,
        0.7999999999999999,
        0.0,
        -0.19999999999999998,
        0.6,
        0.39999999999999997,
        0.19999999999999998,
        0.19999999999999998,
        -0.19999999999999998,
        -0.39999999999999997,
        -0.6,
        -0.19999999999999998,
        -0.6,
        0.19999999999999998,
        0.6,
        -0.19999999999999998
    ]
}